{"text": " Je suis in\u00e9branlable dans ma qu\u00eate de l'excellence, deux, je me l\u00e8ve chaque jour avec une d\u00e9termination in\u00e9branlable, trois, je d\u00e9passe constamment mes limites pour atteindre mes objectifs, quatre, je suis ma\u00eetre de mon temps et de mes priorit\u00e9s, cinq, je ne laisse aucune distraction mais loigner de mes objectifs, six, je poursuit mes r\u00eaves avec une discipline implacable, sept, je transforme chaque obstacle en une opportunit\u00e9 de grandir, huit, je suis un mod\u00e8le de rigueur et de constance, je finis toujours ce que je commence avec pr\u00e9cision et excellence, dix, je me consacre enti\u00e8rement \u00e0 ma croissance personnelle et professionnelle, je contr\u00f4le mes pens\u00e9es, mes actions et mes \u00e9motions avec ma\u00eetrise, douze, je suis infaillible dans ma volont\u00e9 de r\u00e9ussir, 13, je me consacre chaque...", "segments": [{"id": 0, "seek": 0, "start": 0.0, "end": 6.22, "text": " Je suis in\u00e9branlable dans ma qu\u00eate de l'excellence, deux, je me l\u00e8ve chaque jour avec une d\u00e9termination", "tokens": [50364, 2588, 7624, 294, 526, 1443, 282, 75, 712, 2680, 463, 421, 12943, 368, 287, 6, 3121, 17379, 11, 8208, 11, 1506, 385, 287, 31397, 18920, 2827, 4163, 2251, 2795, 29725, 399, 50675], "temperature": 0.0, "avg_logprob": -0.2603420615196228, "compression_ratio": 1.7018867924528303, "no_speech_prob": 0.47391921281814575}, {"id": 1, "seek": 0, "start": 6.22, "end": 11.34, "text": " in\u00e9branlable, trois, je d\u00e9passe constamment mes limites pour atteindre mes objectifs,", "tokens": [50675, 294, 526, 1443, 282, 75, 712, 11, 19758, 11, 1506, 27998, 8604, 1817, 20619, 3813, 2364, 3324, 2016, 42783, 28786, 3813, 2657, 18290, 11, 50931], "temperature": 0.0, "avg_logprob": -0.2603420615196228, "compression_ratio": 1.7018867924528303, "no_speech_prob": 0.47391921281814575}, {"id": 2, "seek": 0, "start": 11.34, "end": 17.5, "text": " quatre, je suis ma\u00eetre de mon temps et de mes priorit\u00e9s, cinq, je ne laisse aucune distraction", "tokens": [50931, 31334, 11, 1506, 7624, 463, 25011, 368, 1108, 8827, 1030, 368, 3813, 14846, 2191, 11, 43335, 11, 1506, 408, 30969, 40076, 30217, 51239], "temperature": 0.0, "avg_logprob": -0.2603420615196228, "compression_ratio": 1.7018867924528303, "no_speech_prob": 0.47391921281814575}, {"id": 3, "seek": 0, "start": 17.5, "end": 23.32, "text": " mais loigner de mes objectifs, six, je poursuit mes r\u00eaves avec une discipline implacable,", "tokens": [51239, 2420, 450, 36596, 368, 3813, 2657, 18290, 11, 2309, 11, 1506, 2016, 82, 1983, 3813, 38240, 977, 4163, 2251, 13635, 8484, 326, 712, 11, 51530], "temperature": 0.0, "avg_logprob": -0.2603420615196228, "compression_ratio": 1.7018867924528303, "no_speech_prob": 0.47391921281814575}, {"id": 4, "seek": 0, "start": 23.32, "end": 27.92, "text": " sept, je transforme chaque obstacle en une opportunit\u00e9 de grandir,", "tokens": [51530, 23891, 11, 1506, 4088, 68, 18920, 23112, 465, 2251, 2070, 5066, 368, 2697, 347, 11, 51760], "temperature": 0.0, "avg_logprob": -0.2603420615196228, "compression_ratio": 1.7018867924528303, "no_speech_prob": 0.47391921281814575}, {"id": 5, "seek": 2792, "start": 28.520000000000003, "end": 34.92, "text": " huit, je suis un mod\u00e8le de rigueur et de constance, je finis toujours ce que je commence avec pr\u00e9cision et excellence,", "tokens": [50394, 276, 1983, 11, 1506, 7624, 517, 45631, 368, 8329, 622, 374, 1030, 368, 1817, 719, 11, 1506, 962, 271, 11936, 1769, 631, 1506, 18137, 4163, 23107, 1991, 1030, 45817, 655, 11, 50714], "temperature": 0.0, "avg_logprob": -0.2858833598199292, "compression_ratio": 1.5859030837004404, "no_speech_prob": 0.012677215039730072}, {"id": 6, "seek": 2792, "start": 34.92, "end": 39.92, "text": " dix, je me consacre enti\u00e8rement \u00e0 ma croissance personnelle et professionnelle,", "tokens": [50714, 274, 970, 11, 1506, 385, 1014, 326, 265, 948, 29922, 1531, 463, 4848, 14431, 17219, 2447, 1030, 7032, 37365, 11, 50964], "temperature": 0.0, "avg_logprob": -0.2858833598199292, "compression_ratio": 1.5859030837004404, "no_speech_prob": 0.012677215039730072}, {"id": 7, "seek": 2792, "start": 39.92, "end": 43.92, "text": " je contr\u00f4le mes pens\u00e9es, mes actions et mes \u00e9motions avec ma\u00eetrise,", "tokens": [50964, 1506, 46518, 3813, 6099, 6836, 11, 3813, 5909, 1030, 3813, 1136, 29778, 626, 4163, 463, 7517, 6903, 908, 11, 51164], "temperature": 0.0, "avg_logprob": -0.2858833598199292, "compression_ratio": 1.5859030837004404, "no_speech_prob": 0.012677215039730072}, {"id": 8, "seek": 2792, "start": 43.92, "end": 47.92, "text": " douze, je suis infaillible dans ma volont\u00e9 de r\u00e9ussir,", "tokens": [51164, 2482, 1381, 11, 1506, 7624, 1536, 64, 373, 964, 2680, 463, 40005, 526, 368, 28099, 347, 11, 51364], "temperature": 0.0, "avg_logprob": -0.2858833598199292, "compression_ratio": 1.5859030837004404, "no_speech_prob": 0.012677215039730072}, {"id": 9, "seek": 2792, "start": 48.92, "end": 50.92, "text": " 13, je me consacre chaque...", "tokens": [51414, 3705, 11, 1506, 385, 1014, 326, 265, 18920, 485, 51514], "temperature": 0.0, "avg_logprob": -0.2858833598199292, "compression_ratio": 1.5859030837004404, "no_speech_prob": 0.012677215039730072}], "language": "fr"}