{
    "text": " The next generation of AI, novice and excellence, beyond the last-language model, the power of AI agents and the game-changing petrol. I usually prefer to write a particular usage of AI and spell code out details. But many of you have asked, on this topic, here we go. AI is getting smarter every day, and it is changing how we use computers. We now have something we...",
    "segments": [
        {
            "id": 0,
            "seek": 0,
            "start": 0.0,
            "end": 8.4,
            "text": " The next generation of AI, novice and excellence, beyond the last-language model, the power of",
            "tokens": [
                50364,
                440,
                958,
                5125,
                295,
                7318,
                11,
                23883,
                573,
                293,
                21268,
                11,
                4399,
                264,
                1036,
                12,
                25241,
                20473,
                2316,
                11,
                264,
                1347,
                295,
                50784
            ],
            "temperature": 0.0,
            "avg_logprob": -0.5472321597012606,
            "compression_ratio": 1.392156862745098,
            "no_speech_prob": 0.13284260034561157
        },
        {
            "id": 1,
            "seek": 0,
            "start": 8.4,
            "end": 14.56,
            "text": " AI agents and the game-changing petrol.",
            "tokens": [
                50784,
                7318,
                12554,
                293,
                264,
                1216,
                12,
                27123,
                32377,
                13,
                51092
            ],
            "temperature": 0.0,
            "avg_logprob": -0.5472321597012606,
            "compression_ratio": 1.392156862745098,
            "no_speech_prob": 0.13284260034561157
        },
        {
            "id": 2,
            "seek": 0,
            "start": 14.56,
            "end": 27.72,
            "text": " I usually prefer to write a particular usage of AI and spell code out details.",
            "tokens": [
                51092,
                286,
                2673,
                4382,
                281,
                2464,
                257,
                1729,
                14924,
                295,
                7318,
                293,
                9827,
                3089,
                484,
                4365,
                13,
                51750
            ],
            "temperature": 0.0,
            "avg_logprob": -0.5472321597012606,
            "compression_ratio": 1.392156862745098,
            "no_speech_prob": 0.13284260034561157
        },
        {
            "id": 3,
            "seek": 2772,
            "start": 27.72,
            "end": 33.6,
            "text": " But many of you have asked, on this topic, here we go.",
            "tokens": [
                50364,
                583,
                867,
                295,
                291,
                362,
                2351,
                11,
                322,
                341,
                4829,
                11,
                510,
                321,
                352,
                13,
                50658
            ],
            "temperature": 0.0,
            "avg_logprob": -0.4241971969604492,
            "compression_ratio": 1.2075471698113207,
            "no_speech_prob": 0.06957437098026276
        },
        {
            "id": 4,
            "seek": 2772,
            "start": 33.6,
            "end": 53.0,
            "text": " AI is getting smarter every day, and it is changing how we use computers.",
            "tokens": [
                50658,
                7318,
                307,
                1242,
                20294,
                633,
                786,
                11,
                293,
                309,
                307,
                4473,
                577,
                321,
                764,
                10807,
                13,
                51628
            ],
            "temperature": 0.0,
            "avg_logprob": -0.4241971969604492,
            "compression_ratio": 1.2075471698113207,
            "no_speech_prob": 0.06957437098026276
        },
        {
            "id": 5,
            "seek": 5300,
            "start": 53.0,
            "end": 57.4,
            "text": " We now have something we...",
            "tokens": [
                50364,
                492,
                586,
                362,
                746,
                321,
                485,
                50584
            ],
            "temperature": 0.0,
            "avg_logprob": -0.7440672980414497,
            "compression_ratio": 0.7714285714285715,
            "no_speech_prob": 0.6923085451126099
        }
    ],
    "language": "en"
}